alpha,mae,rmse,pearson_r,f1_binary
0.01,0.990267836512923,1.1556562100028294,0.08687687287615793,0.504201680672269
0.1,0.9902678605645706,1.1556559837305516,0.08687732865848521,0.504201680672269
1.0,0.9902681010136838,1.1556537247296736,0.08688188384107207,0.504201680672269
10.0,0.9902704987751106,1.155631503367144,0.08692717312498321,0.504201680672269
100.0,0.9902938106240141,1.1554428799060408,0.08735525482264656,0.5028248587570622
