alpha,mae,rmse,pearson_r,f1_binary
0.01,0.6273331200377393,0.7183627258697339,0.8474560375840691,0.8769574944071589
0.1,0.627335446308703,0.7183628141838807,0.8474562163843697,0.8769574944071589
1.0,0.6273586990251742,0.718363974967959,0.8474580024275729,0.8769574944071589
10.0,0.6275902315467059,0.7184030179283725,0.8474756686264312,0.8769574944071589
100.0,0.629810509926283,0.721230849197347,0.8476345027411434,0.8769574944071589
