{
  "importances": {
    "mean_sentiment": 0.1242426648723816,
    "last_20_sentiment": 0.1205305124462909,
    "std_sentiment": 0.13132427943932093,
    "talk_time_ratio": 0.03733986588993855,
    "avg_agent_words": 0.11030514071742947,
    "avg_customer_words": 0.10457813220175576,
    "interruption_count": 0.07146052707691289,
    "resolution_flag": 0.0,
    "empathy_density": 0.08929807314691401,
    "apology_count": 0.024545982866533866,
    "transfer_count": 0.0,
    "duration_ordinal": 0.0035818965470169636,
    "duration_deviation": 0.0565575841639149,
    "repeat_contact": 0.05194993433116002,
    "intent_billing": 0.0090905228571791,
    "intent_technical": 0.00741507961757159,
    "intent_account": 0.006184322134951875,
    "intent_payment": 0.007282898823189709,
    "intent_network": 0.005763229101180439,
    "intent_delivery": 0.007100780622580692,
    "intent_refund": 0.006751678714371024,
    "intent_complaint": 0.008818335589605174,
    "intent_subscription": 0.00865854096687202,
    "intent_login": 0.007220017872928602
  },
  "sorted": [
    [
      "std_sentiment",
      0.13132427943932093
    ],
    [
      "mean_sentiment",
      0.1242426648723816
    ],
    [
      "last_20_sentiment",
      0.1205305124462909
    ],
    [
      "avg_agent_words",
      0.11030514071742947
    ],
    [
      "avg_customer_words",
      0.10457813220175576
    ],
    [
      "empathy_density",
      0.08929807314691401
    ],
    [
      "interruption_count",
      0.07146052707691289
    ],
    [
      "duration_deviation",
      0.0565575841639149
    ],
    [
      "repeat_contact",
      0.05194993433116002
    ],
    [
      "talk_time_ratio",
      0.03733986588993855
    ],
    [
      "apology_count",
      0.024545982866533866
    ],
    [
      "intent_billing",
      0.0090905228571791
    ],
    [
      "intent_complaint",
      0.008818335589605174
    ],
    [
      "intent_subscription",
      0.00865854096687202
    ],
    [
      "intent_technical",
      0.00741507961757159
    ],
    [
      "intent_payment",
      0.007282898823189709
    ],
    [
      "intent_login",
      0.007220017872928602
    ],
    [
      "intent_delivery",
      0.007100780622580692
    ],
    [
      "intent_refund",
      0.006751678714371024
    ],
    [
      "intent_account",
      0.006184322134951875
    ],
    [
      "intent_network",
      0.005763229101180439
    ],
    [
      "duration_ordinal",
      0.0035818965470169636
    ],
    [
      "resolution_flag",
      0.0
    ],
    [
      "transfer_count",
      0.0
    ]
  ]
}