alpha,mae,rmse,pearson_r,f1_binary
0.01,1.1342484809510707,1.3273251700328754,0.19712343080445352,0.6693711967545638
0.1,1.13424640764783,1.327324069075519,0.19712689034142244,0.6693711967545638
1.0,1.134225694318089,1.3273130918979805,0.19716143757152946,0.6693711967545638
10.0,1.1340205097575786,1.3272065076475579,0.19750216105833918,0.6693711967545638
100.0,1.1321443513840328,1.3264141819079927,0.20049188623197264,0.6693548387096774
